Country,City,Month,MonthOrder,Num_Trips,Avg_Duration_Minutes,Avg_Temperature_C,Latitude,Longitude
Japan,Osaka,Aug,7,394,12.3,28.2,34.75266485920319,135.5056759240705
Canada,Toronto,Mar,2,113,36.5,-0.9,43.67052519408654,-79.38554602894396
Canada,Vancouver,May,4,121,39.6,12.9,49.25492614404199,-123.15256935636532
Germany,Berlin,Feb,1,130,25.5,-1.6,52.54568000532849,13.378364958016904
Japan,Kyoto,Nov,10,178,15.9,7.9,34.92609158036717,135.70069072889473
Japan,Osaka,Jan,0,185,15.3,7.2,34.73243170267147,135.4559534764211
Germany,Hamburg,Jun,5,261,31.1,20.6,53.5561928147631,10.071151007574759
USA,New York,Dec,11,168,18.1,2.1,40.860254721265434,-73.94376602096317
Japan,Osaka,Apr,3,255,11.8,16.0,34.74245598667089,135.49494713092488
USA,Chicago,Jun,5,321,25.8,19.1,41.96856531748666,-87.64070229476962
USA,New York,Jul,6,434,27.9,23.9,40.77982305258952,-74.07097906184639
USA,New York,Sep,8,358,13.9,17.8,40.74728539026226,-74.03114873852756
Germany,Hamburg,Jul,6,261,34.0,21.3,53.46894055944229,9.984907279778398
Japan,Tokyo,Jan,0,230,11.0,3.7,35.66621351232149,139.7037981135783
Canada,Montreal,Nov,10,67,44.1,0.8,45.54832954159365,-73.63821828664665
Germany,Hamburg,Jun,5,243,26.0,20.6,53.559338042061825,9.996244385092801
USA,New York,Feb,1,224,26.6,3.7,40.71706590712825,-74.04641328608204
Canada,Montreal,Jun,5,188,32.5,15.2,45.47953588744043,-73.61154013570135
Japan,Kyoto,Mar,2,176,18.5,8.9,35.02432104216506,135.78498013310377
Germany,Hamburg,Apr,3,133,29.4,8.3,53.47341206169919,10.034594482901252
Canada,Toronto,May,4,190,37.7,13.1,43.664071643658986,-79.33969661346556
Canada,Vancouver,Jul,6,239,51.9,18.3,49.34116477952228,-123.05159205044812
Canada,Toronto,Apr,3,97,42.9,6.7,43.70471417270159,-79.37126054204867
Germany,Munich,Sep,8,175,40.2,13.3,48.13363685931575,11.638302512538608
Germany,Hamburg,Oct,9,94,39.9,9.7,53.59521665311617,9.971095483358347
Japan,Kyoto,Oct,9,219,10.4,14.9,34.93376854132381,135.7984004975673
Germany,Hamburg,Mar,2,117,37.6,3.4,53.52196206711942,9.871759142086178
Japan,Osaka,May,4,294,13.0,20.8,34.64357353176811,135.50137434320038
USA,Los Angeles,Nov,10,188,29.4,13.1,33.990111971225915,-118.22699117913776
Japan,Tokyo,Aug,7,373,11.3,23.4,35.730603007999726,139.7865396491327
Japan,Tokyo,Nov,10,198,10.8,9.9,35.723479887446736,139.65518166841414
USA,Chicago,Dec,11,149,23.9,2.0,41.867807028455985,-87.66712891732702
Germany,Hamburg,Feb,1,120,35.9,-2.2,53.53470526417435,10.00145953419295
Canada,Toronto,Dec,11,77,31.6,-1.9,43.65490417341296,-79.42169866155294
Japan,Kyoto,May,4,283,12.6,21.2,35.030465024652244,135.80594943083227
Canada,Vancouver,Dec,11,75,45.3,-2.1,49.29311914039737,-123.22278674342121
Japan,Osaka,Sep,8,308,8.7,25.1,34.69092261505517,135.52150327244695
Germany,Hamburg,Apr,3,110,44.8,8.3,53.56743723823011,10.008723717980542
Canada,Toronto,Mar,2,55,37.8,-0.9,43.59721650526869,-79.44793407378604
USA,Los Angeles,Oct,9,196,27.1,17.1,33.983784248058356,-118.14433620003847
Germany,Hamburg,Nov,10,107,24.9,5.1,53.601475684491845,9.959468508712
Germany,Munich,Dec,11,143,44.4,-0.8,48.05472200678155,11.54386376107169
Japan,Tokyo,Dec,11,220,10.7,4.9,35.79669720446627,139.7233959511159
USA,Chicago,Jun,5,347,25.9,19.1,41.88796461328156,-87.61423456632785
Germany,Hamburg,Aug,7,307,28.0,21.1,53.51055712443948,9.93082110705427
Germany,Berlin,Nov,10,156,37.0,4.1,52.61190918383976,13.393826700881407
Canada,Montreal,May,4,142,36.1,12.4,45.37214788539276,-73.59461222241262
Canada,Vancouver,Mar,2,80,52.5,1.0,49.25689776358913,-123.11589396115295
Canada,Montreal,Apr,3,78,42.0,5.7,45.52354690848732,-73.50776768626069
Canada,Vancouver,Oct,9,91,48.5,5.4,49.314836137993375,-123.05424237349338
Germany,Berlin,Sep,8,247,31.1,15.6,52.53005798279364,13.419164393577306
Germany,Munich,Feb,1,123,32.8,-4.6,48.15105872552096,11.649022522301157
Germany,Berlin,Aug,7,332,32.9,21.1,52.47003488838526,13.379761253938588
Canada,Montreal,Sep,8,77,37.2,10.7,45.53101820093775,-73.50538584642833
Germany,Munich,Feb,1,134,32.7,-4.6,48.11914730321667,11.542198707159827
Germany,Munich,May,4,184,44.7,15.5,48.19143525684138,11.527451678489241
Japan,Tokyo,Jan,0,215,15.2,3.7,35.72787173645765,139.66822628070324
Germany,Berlin,Jun,5,282,29.6,18.3,52.61366488881088,13.459002403285732
Germany,Berlin,May,4,209,35.0,15.9,52.601233922923484,13.4211539636558
Germany,Berlin,Jul,6,360,26.4,24.1,52.54141535486038,13.395642786749772
Canada,Vancouver,Jul,6,213,46.6,18.3,49.26303305938363,-123.11926275885325
USA,Los Angeles,Jan,0,142,22.7,5.7,33.9873941667875,-118.26650604137372
Japan,Osaka,Nov,10,195,15.5,9.0,34.709262507727175,135.65624404042276
Japan,Kyoto,Dec,11,190,12.7,4.3,35.02093833822386,135.73033085338233
Japan,Osaka,Feb,1,201,13.0,5.6,34.69937586726256,135.53540653372605
USA,Chicago,Sep,8,322,24.2,17.1,41.879295152164254,-87.64737071178568
USA,New York,Aug,7,389,22.6,22.8,40.74140287208571,-74.00910955084997
Canada,Toronto,Feb,1,103,28.8,-5.9,43.72702701748629,-79.31419543229264
Canada,Montreal,Feb,1,82,64.4,-5.6,45.501396454423,-73.52537546127742
Japan,Tokyo,Aug,7,340,11.3,23.4,35.704153623664936,139.65598242909869
Japan,Osaka,Jul,6,401,8.7,31.3,34.78527293829272,135.56127200603606
Japan,Tokyo,Jul,6,363,10.8,25.5,35.664326217294196,139.61416682844668
Japan,Tokyo,Dec,11,195,11.6,4.9,35.66575273444195,139.65903353837132
USA,New York,Feb,1,202,21.0,3.7,40.739525282424026,-73.9616172287063
USA,Chicago,Feb,1,155,23.2,-2.3,41.99943582431728,-87.60815200873196
Canada,Montreal,Feb,1,76,41.1,-5.6,45.547653824149386,-73.58181372720944
Germany,Munich,Oct,9,140,42.4,7.0,48.16288022330017,11.586479034062764
USA,New York,Jul,6,456,23.4,23.9,40.65538683556237,-73.96506111781225
Japan,Kyoto,Apr,3,214,13.4,12.5,35.04323909330532,135.88163464289022
Japan,Tokyo,Jul,6,376,8.3,25.5,35.713179621531765,139.6457287882883
Germany,Hamburg,Sep,8,144,31.9,11.7,53.575493614243555,10.083917405489338
Canada,Toronto,Jul,6,198,34.4,17.6,43.587045510329624,-79.30109924199319
Japan,Osaka,Dec,11,179,13.7,5.9,34.649919087330765,135.43316001345178
Germany,Berlin,Nov,10,107,29.0,4.1,52.46660985392104,13.452515379598678
Germany,Munich,Dec,11,129,31.8,-0.8,48.12694665180281,11.544754867759679
Japan,Tokyo,May,4,323,11.0,19.8,35.67777064333124,139.6209314628975
Germany,Munich,Dec,11,92,39.9,-0.8,48.135160273768115,11.541145568446591
USA,Chicago,Sep,8,275,27.6,17.1,41.94454666597677,-87.61045957396554
Canada,Vancouver,Jun,5,171,53.6,15.1,49.409046621293676,-123.14724343864602
Canada,Toronto,Sep,8,117,46.2,9.5,43.57467496981884,-79.43268140682852
Canada,Toronto,Mar,2,76,40.0,-0.9,43.71183645096297,-79.35601999227028
Germany,Hamburg,Dec,11,90,36.2,-3.4,53.48848032777934,10.011881594131248
Germany,Hamburg,Jun,5,244,41.4,20.6,53.58686906577206,10.029609286285398
Germany,Berlin,Apr,3,148,40.3,8.9,52.40185337822291,13.354513464764503
Canada,Vancouver,Sep,8,165,39.7,14.8,49.37675785347203,-123.19310069502082
Canada,Toronto,Jul,6,261,46.6,17.6,43.591819609243146,-79.35332999650751
USA,Los Angeles,Sep,8,326,30.7,25.5,34.04267484470011,-118.22749714858892
Germany,Munich,Oct,9,141,17.3,7.0,48.16789503882649,11.59173680973594
USA,Los Angeles,Jul,6,391,15.0,29.6,34.089728958376085,-118.26450972024426
Germany,Hamburg,Jul,6,265,32.3,21.3,53.53521424516219,10.057782189750188
Canada,Montreal,Dec,11,116,52.5,-1.6,45.55290312629057,-73.53767365253995
USA,New York,Oct,9,254,33.2,12.4,40.67350069836825,-74.0750522301577
Japan,Tokyo,Jan,0,217,13.3,3.7,35.7656514928204,139.67999233126383
Japan,Tokyo,Jul,6,405,8.6,25.5,35.67339692418972,139.73237586086847
Canada,Vancouver,Feb,1,78,50.0,-3.8,49.29158505004666,-123.1874672179355
Japan,Osaka,Jul,6,375,10.2,31.3,34.6637303677278,135.3961052137845
Canada,Toronto,Apr,3,58,37.3,6.7,43.72823798953171,-79.34068891289432
Germany,Hamburg,Feb,1,136,30.6,-2.2,53.518194175546235,9.978513698561168
Germany,Hamburg,Jan,0,110,40.9,-3.4,53.502422690014775,10.017517888467811
USA,Los Angeles,May,4,298,20.6,22.9,34.007865953885826,-118.21695913318271
USA,New York,Jan,0,167,25.6,-0.8,40.735929564642696,-74.09229033643953
Japan,Osaka,Mar,2,192,15.4,10.5,34.68359036737831,135.49141593983862
Germany,Berlin,May,4,226,33.1,15.9,52.67965537839225,13.419937645418283
Canada,Vancouver,Apr,3,69,56.4,8.6,49.39764490618096,-123.13884192802199
Japan,Osaka,May,4,302,13.6,20.8,34.668352841231446,135.4787480847191
Japan,Osaka,May,4,290,14.1,20.8,34.6655137723598,135.46118898022166
USA,Chicago,Oct,9,194,25.4,12.3,41.975807871687515,-87.6550873352131
Japan,Kyoto,Dec,11,143,11.5,4.3,34.98035907111522,135.76940455251054
USA,Chicago,Apr,3,183,26.0,11.8,41.93810394782135,-87.65439512237532
Germany,Berlin,Mar,2,157,39.3,2.7,52.50593362214409,13.408349535861243
Canada,Montreal,Feb,1,80,44.8,-5.6,45.468295477317845,-73.51769788252318
Germany,Munich,Mar,2,110,37.3,2.4,48.13894259414794,11.570757200909597
Germany,Hamburg,Aug,7,243,35.9,21.1,53.65228031096148,9.994039992228
USA,New York,Jun,5,448,26.7,23.1,40.694811567710545,-74.07230238430411
Japan,Kyoto,Aug,7,345,11.7,26.1,35.0099623364892,135.7409287614433
Japan,Kyoto,Aug,7,357,13.2,26.1,35.021504238038396,135.76088197940382
USA,Los Angeles,Sep,8,313,27.0,25.5,33.902643201454964,-118.2530448079081
Germany,Munich,Feb,1,115,27.6,-4.6,48.044943016187204,11.502793202849727
USA,Chicago,Jul,6,418,25.5,21.4,41.92962902928121,-87.6626917276926
USA,Los Angeles,Jul,6,390,25.3,29.6,34.030988183330095,-118.27219164641194
USA,New York,May,4,354,11.5,19.0,40.73323264057404,-74.0574685754091
Japan,Kyoto,Jul,6,295,16.3,23.5,35.015265898359424,135.70360195501294
Japan,Osaka,Apr,3,266,14.9,16.0,34.69308766135765,135.4574372814257
USA,Chicago,Aug,7,335,20.0,18.5,41.827672265796195,-87.72793128458363
USA,New York,Feb,1,173,24.8,3.7,40.73371991104444,-73.93592007035268
Germany,Hamburg,Dec,11,137,33.3,-3.4,53.42088930716864,10.003647407339825
USA,Los Angeles,Mar,2,205,34.1,14.7,34.033874648981595,-118.32889357934134
Japan,Tokyo,Jul,6,378,10.9,25.5,35.728591143588865,139.6298524644561
USA,Chicago,Sep,8,299,25.6,17.1,41.94966833909156,-87.57571166361636
Japan,Tokyo,Mar,2,238,10.1,8.8,35.67403938120744,139.70826317157017
Japan,Osaka,Aug,7,354,14.0,28.2,34.64031897853087,135.49518102574893
Germany,Berlin,Dec,11,143,41.0,0.4,52.384838385350044,13.438893765976545
Germany,Berlin,Jan,0,152,28.7,-4.1,52.61270462831671,13.466051684776266
USA,Chicago,Jan,0,219,26.6,-1.7,41.86242351569138,-87.58370992490114
Canada,Montreal,Nov,10,62,40.9,0.8,45.50243440973646,-73.60654491565411
USA,Chicago,Nov,10,177,27.3,5.8,41.90126442650591,-87.62762426656784
Japan,Tokyo,Jun,5,376,11.0,26.0,35.68776441151474,139.633266098119
Japan,Tokyo,May,4,311,10.3,19.8,35.616324252593394,139.70650601385321
Japan,Osaka,Jul,6,381,10.3,31.3,34.70121968932381,135.51938779878884
USA,Chicago,Nov,10,193,28.0,5.8,41.8341092823249,-87.53044694441503
USA,Los Angeles,Jun,5,348,35.7,27.4,34.03294890941436,-118.22455055076296
Canada,Vancouver,Dec,11,93,48.0,-2.1,49.327459661001384,-123.0889414099159
USA,Los Angeles,Aug,7,395,27.3,30.3,34.046388547843904,-118.23296434084148
Japan,Tokyo,Oct,9,268,13.6,12.7,35.620616531602145,139.64480874800424
Canada,Toronto,Jul,6,213,49.9,17.6,43.61085193258408,-79.43276961747281
Germany,Hamburg,Nov,10,134,35.9,5.1,53.50340302903017,9.97334818435366
USA,Chicago,Dec,11,150,24.2,2.0,41.87440262171958,-87.65238297380799
Germany,Berlin,Jul,6,330,33.2,24.1,52.59061102777078,13.401017930437714
Canada,Toronto,Jul,6,256,36.3,17.6,43.721985340665576,-79.39070277935163
Canada,Vancouver,Nov,10,79,45.0,-0.0,49.22478176554037,-123.04553008491165
Canada,Montreal,Sep,8,78,40.5,10.7,45.515828997524416,-73.57973455630918
Germany,Hamburg,Jun,5,268,32.9,20.6,53.5522232946406,10.021055955758762
USA,Los Angeles,Aug,7,381,24.1,30.3,33.97022579187373,-118.26332355530305
USA,New York,Jun,5,421,15.1,23.1,40.75730992055624,-73.95423753326381
Germany,Munich,Apr,3,134,30.8,10.1,48.198385392043235,11.538691257589276
Japan,Tokyo,Nov,10,221,16.6,9.9,35.59613674037041,139.7260130095187
Canada,Toronto,Jun,5,236,45.9,17.1,43.708476296647895,-79.32384848472198
Germany,Hamburg,Jan,0,125,44.1,-3.4,53.48565898004404,9.84272439220896
Japan,Osaka,Dec,11,233,15.9,5.9,34.69330136793417,135.5762972069445
Japan,Tokyo,Nov,10,242,13.7,9.9,35.722069562565295,139.67593653776797
USA,Los Angeles,Jul,6,422,24.1,29.6,34.0856327402379,-118.23879662302306
Canada,Montreal,Dec,11,76,55.3,-1.6,45.44461554429333,-73.57698297296399
Canada,Toronto,Oct,9,65,35.4,6.8,43.61727963672154,-79.33845378115278
Germany,Berlin,Apr,3,144,41.9,8.9,52.46920890905108,13.408083992492397
Canada,Toronto,Nov,10,98,38.6,-1.3,43.646708965013325,-79.38100942640105
Japan,Kyoto,Apr,3,211,15.4,12.5,34.98863195502299,135.72560778152678
Japan,Kyoto,Jul,6,302,12.8,23.5,35.09505107626447,135.75512043243182
Germany,Munich,Oct,9,126,37.0,7.0,48.125354585982365,11.638688504843355
Japan,Osaka,Jan,0,220,10.0,7.2,34.66948829635669,135.56564555745933
USA,Chicago,Nov,10,136,27.6,5.8,41.867876438950695,-87.54202621508423
Germany,Munich,Apr,3,108,39.0,10.1,48.133438500467776,11.571594157136374
Japan,Tokyo,Feb,1,196,13.0,4.3,35.659468065504065,139.67711531251032
Japan,Osaka,Dec,11,218,18.6,5.9,34.62377162130904,135.5304484618345
Germany,Hamburg,Dec,11,133,43.0,-3.4,53.462170620799675,10.009682591295949
Japan,Osaka,Dec,11,201,11.8,5.9,34.76985620386348,135.5292455021842
Canada,Vancouver,Nov,10,66,51.9,-0.0,49.25006880103488,-123.14300917166074
USA,Los Angeles,May,4,293,26.4,22.9,34.006715829150906,-118.29052531873948
Canada,Toronto,Aug,7,259,44.3,17.9,43.691146429489336,-79.36914042880153
Canada,Toronto,Jun,5,238,33.2,17.1,43.64999308267035,-79.36676187948483
USA,Los Angeles,Apr,3,229,23.4,17.6,34.024786560253744,-118.20203330441099
Japan,Kyoto,Oct,9,238,14.1,14.9,34.98435404565955,135.78805680571762
USA,Chicago,Jan,0,137,28.1,-1.7,41.831780943500924,-87.60202436768289
Germany,Hamburg,Apr,3,108,28.8,8.3,53.52569299011763,9.986310984059127
Japan,Kyoto,Nov,10,186,13.3,7.9,34.97268476372989,135.77789226275488
Japan,Kyoto,Mar,2,171,16.0,8.9,35.11537003993227,135.8116562351716
Canada,Vancouver,Mar,2,70,41.6,1.0,49.267241393826566,-123.10959331141831
Canada,Toronto,Jan,0,78,39.9,-4.4,43.76031351793059,-79.29682284149497
Germany,Hamburg,Apr,3,120,39.6,8.3,53.47890725919332,9.878890952343138
Canada,Montreal,Jan,0,76,46.8,-6.2,45.45566632034603,-73.5588319587982
Germany,Hamburg,May,4,180,30.2,15.6,53.60737173922074,9.934229405356634
Canada,Vancouver,May,4,141,40.0,12.9,49.31434659088777,-123.11055384895744
Japan,Kyoto,Jul,6,327,12.8,23.5,35.046410318240675,135.86054780474728
Canada,Vancouver,Sep,8,122,48.1,14.8,49.25759728878237,-123.17176164085653
Japan,Kyoto,Jul,6,298,13.1,23.5,34.99796382151262,135.63325566785292
Japan,Tokyo,Mar,2,213,9.1,8.8,35.65350778958027,139.668668061452
Canada,Toronto,Nov,10,122,51.4,-1.3,43.6255205879146,-79.35475084604074
Canada,Vancouver,Jan,0,65,44.9,-4.3,49.371240031781774,-123.1520483528894
Canada,Vancouver,Jun,5,177,46.7,15.1,49.31562721363364,-123.02018977306169
Germany,Berlin,Jan,0,117,36.1,-4.1,52.43157803172186,13.421158385709239
Japan,Kyoto,Dec,11,167,10.9,4.3,34.96543833769446,135.70051576971917
Canada,Montreal,Dec,11,90,36.9,-1.6,45.46079005582889,-73.56746872287054
USA,Chicago,May,4,287,27.6,15.1,41.82121571647876,-87.63987457669738
Canada,Vancouver,Jan,0,116,50.3,-4.3,49.254576661205284,-123.08907961304722
USA,New York,Nov,10,203,18.8,4.0,40.79876889531037,-73.90637423234159
Germany,Munich,Nov,10,147,44.5,2.0,48.16075427100487,11.6182547893424
Canada,Montreal,Sep,8,113,43.2,10.7,45.436858402602205,-73.54731560241237
Germany,Munich,Nov,10,145,46.2,2.0,48.17051519236006,11.59957241037708
Canada,Vancouver,Oct,9,75,47.9,5.4,49.220123028790475,-123.04851176979633
Canada,Montreal,Apr,3,62,39.4,5.7,45.482291159072936,-73.55877918888123
USA,Los Angeles,Nov,10,192,16.0,13.1,34.00419768523603,-118.2498354466798
Japan,Osaka,Nov,10,222,13.5,9.0,34.64592297796998,135.4219776839871
USA,New York,Jan,0,188,23.8,-0.8,40.68843857179432,-74.03978540395808
Germany,Munich,Oct,9,118,47.7,7.0,48.02831628930107,11.738887426683
USA,New York,Oct,9,242,15.3,12.4,40.75625780321946,-73.96163545813667
Canada,Vancouver,Apr,3,111,36.7,8.6,49.331916119923825,-123.13139944221128
Canada,Vancouver,Jul,6,250,48.8,18.3,49.3750353662868,-123.0915035907337
USA,New York,Aug,7,419,18.8,22.8,40.72406539610205,-74.02447634644167
Canada,Vancouver,Nov,10,95,51.1,-0.0,49.30397287808925,-123.16904880715646
USA,Los Angeles,Sep,8,303,34.9,25.5,34.091070367638224,-118.2203664509017
Germany,Munich,May,4,234,42.5,15.5,48.047673401338095,11.647217012143908
Canada,Toronto,May,4,131,43.9,13.1,43.60052922184131,-79.4143884480348
Japan,Tokyo,Nov,10,235,10.3,9.9,35.677659069663,139.66743182260853
Canada,Vancouver,Aug,7,268,34.9,19.3,49.28934848370734,-123.15570604074696
Japan,Osaka,Jun,5,350,10.4,26.0,34.71966732571206,135.57893694565013
Germany,Berlin,Apr,3,148,39.1,8.9,52.52882207776386,13.386648608045833
Germany,Berlin,Jun,5,274,28.6,18.3,52.48782250838413,13.456498040879058
Canada,Vancouver,Dec,11,115,49.8,-2.1,49.25414105051086,-123.0920708609322
USA,New York,Feb,1,203,14.4,3.7,40.76539738088615,-74.05590303136572
Germany,Berlin,Nov,10,152,29.3,4.1,52.574299105808755,13.378201827744297
Canada,Montreal,Jun,5,232,35.0,15.2,45.538804768600464,-73.55233537097968
USA,New York,Jan,0,199,25.8,-0.8,40.700223055697776,-74.03587550973458
Japan,Osaka,Sep,8,363,10.0,25.1,34.72800257299992,135.55522122434246
Germany,Munich,Dec,11,114,31.6,-0.8,48.176573742096586,11.57230869306136
Germany,Munich,Aug,7,339,49.6,21.7,48.07362252027738,11.606834961161827
Germany,Munich,Mar,2,116,39.3,2.4,48.15719703247847,11.527480046127858
Japan,Kyoto,Oct,9,252,13.7,14.9,34.98546384897405,135.82055046129184
USA,Los Angeles,Jun,5,346,29.2,27.4,33.91482475786374,-118.26868650880759
Canada,Toronto,Jun,5,244,30.5,17.1,43.734871576615056,-79.44051726965094
Canada,Toronto,Dec,11,50,43.0,-1.9,43.71458344962366,-79.44368205093457
Canada,Montreal,Dec,11,71,38.0,-1.6,45.53651937237284,-73.51953473957148
Canada,Vancouver,May,4,155,55.6,12.9,49.25416268531252,-123.16231777865521
USA,Chicago,Sep,8,314,17.4,17.1,41.865895976316295,-87.63176536438138
Germany,Berlin,Jul,6,358,34.0,24.1,52.50234168535947,13.421924192173083
USA,Chicago,Oct,9,226,32.4,12.3,41.840975788373086,-87.65406529176839
USA,New York,Jan,0,176,28.1,-0.8,40.66374172344302,-74.02922021311547
Canada,Vancouver,Feb,1,96,48.5,-3.8,49.279191714427064,-123.2037480466758
Japan,Kyoto,Mar,2,175,16.2,8.9,34.98140074066421,135.77242948937365
Japan,Kyoto,Sep,8,277,9.8,19.5,34.97270916562046,135.7125712077267
Japan,Osaka,Nov,10,215,12.5,9.0,34.664909087967764,135.48854741514242
Japan,Tokyo,Jun,5,402,11.7,26.0,35.729051597352154,139.64623062726025
Japan,Tokyo,Feb,1,207,15.8,4.3,35.68882513876311,139.63881445355221
Canada,Montreal,Oct,9,70,34.4,5.0,45.472673827509766,-73.53787107977897
Canada,Toronto,Aug,7,198,55.0,17.9,43.58372137666182,-79.46546993734785
Japan,Osaka,Nov,10,204,13.7,9.0,34.68265152002334,135.53300833500217
Japan,Tokyo,Dec,11,204,11.9,4.9,35.714749363949025,139.7349877597085
USA,Chicago,Mar,2,131,23.5,2.6,41.875589769147915,-87.4987603454485
Canada,Montreal,Feb,1,38,46.9,-5.6,45.4465316696913,-73.67494452964763
Japan,Tokyo,Apr,3,247,12.4,13.2,35.76339470223708,139.66578648908632
USA,New York,Aug,7,441,25.3,22.8,40.7013304627966,-74.0081738474907
Germany,Munich,Jun,5,232,35.5,17.8,48.11969828579071,11.620983026613468
Canada,Vancouver,Aug,7,252,55.9,19.3,49.27793522338065,-123.10674892371148
USA,Chicago,Mar,2,195,26.9,2.6,41.8975579597834,-87.63245603265088
USA,New York,Jun,5,432,19.3,23.1,40.71443984977058,-74.043924766735
USA,New York,May,4,382,17.4,19.0,40.62743210212035,-74.06182622199744
Canada,Montreal,May,4,139,42.4,12.4,45.453046552955925,-73.50747142491677
Canada,Toronto,Oct,9,94,49.5,6.8,43.6594612251324,-79.40467027705627
Germany,Munich,Apr,3,129,24.8,10.1,48.10766375461295,11.586642245057057
Canada,Toronto,Feb,1,80,51.1,-5.9,43.59191171684988,-79.45641874401049
USA,New York,Mar,2,225,22.8,5.5,40.73768715445457,-73.97270378739728
Germany,Berlin,Feb,1,137,33.8,-1.6,52.47610087066217,13.363655982298006
Canada,Vancouver,Aug,7,259,44.7,19.3,49.26037831927247,-123.11099550035509
Germany,Hamburg,Jan,0,79,40.2,-3.4,53.48913708025732,9.996696631513316
USA,Los Angeles,Feb,1,148,22.2,6.2,34.097969513778004,-118.27117701372978
USA,New York,May,4,324,26.7,19.0,40.72586252656169,-74.02446385696231
Japan,Kyoto,Mar,2,171,13.6,8.9,34.98997209060902,135.78782260711893
USA,Chicago,Jun,5,375,29.3,19.1,41.88763177956326,-87.58273447096163
USA,Chicago,Jan,0,169,27.4,-1.7,41.90844252966079,-87.52697282175852
USA,Los Angeles,Mar,2,222,30.7,14.7,34.070636657365874,-118.22401013508919
Germany,Hamburg,Jan,0,130,42.3,-3.4,53.689083001945555,10.013320798358938
USA,New York,Dec,11,191,10.9,2.1,40.70131001847124,-74.04857032171302
Germany,Munich,Jun,5,230,32.9,17.8,48.133779712152055,11.596008057940981
USA,Los Angeles,Jan,0,153,32.1,5.7,34.024328847344584,-118.26434989110717
Germany,Munich,May,4,212,39.2,15.5,48.14811609193856,11.575284562926473
Japan,Tokyo,Sep,8,355,10.1,20.6,35.82550845832948,139.72298336738825
Canada,Montreal,Mar,2,74,51.8,-1.3,45.525434911644,-73.56855134793726
USA,New York,Nov,10,206,20.4,4.0,40.69881199157521,-73.96648140519741
Canada,Montreal,Mar,2,71,42.5,-1.3,45.528184637717835,-73.57082493890296
Germany,Munich,Apr,3,150,39.8,10.1,48.10447813126798,11.600075176260306
Japan,Osaka,Oct,9,243,11.6,16.0,34.68834848200227,135.45053788387904
Canada,Toronto,May,4,153,44.5,13.1,43.64916417099457,-79.3792682404842
Japan,Osaka,Aug,7,366,13.6,28.2,34.72928074390445,135.4460678954081
USA,Chicago,Dec,11,165,29.9,2.0,41.87641937176482,-87.60706295439294
Japan,Kyoto,Oct,9,208,20.0,14.9,34.90750352960581,135.8529228184145
USA,Los Angeles,Jun,5,364,24.5,27.4,33.94028843833375,-118.34973500763175
Canada,Montreal,Oct,9,86,26.0,5.0,45.539367081055225,-73.54824208075587
USA,Chicago,Jun,5,325,19.4,19.1,41.82361834813288,-87.66903809540639
Japan,Tokyo,Oct,9,238,13.5,12.7,35.700204687206515,139.6294130610644
Germany,Munich,Jan,0,113,53.4,-4.4,48.126305709378386,11.588160240339224
Japan,Kyoto,May,4,309,16.8,21.2,34.986099180057266,135.75460625323532
Japan,Osaka,Jun,5,341,13.6,26.0,34.728207199585555,135.4822389764057
Canada,Vancouver,Apr,3,71,42.8,8.6,49.215477474448285,-123.16663259732421
Canada,Montreal,Jun,5,218,38.7,15.2,45.468246363067,-73.5153047656302
Germany,Hamburg,May,4,231,29.5,15.6,53.583019596280415,9.97726907621255
Canada,Toronto,Jan,0,80,37.9,-4.4,43.67440829732009,-79.35705822559822
Japan,Osaka,Sep,8,350,16.3,25.1,34.69740473902099,135.58373077727856
Japan,Kyoto,Jun,5,400,16.8,26.6,35.09125933133197,135.74253921617844
Germany,Munich,Jul,6,280,28.1,20.8,48.142247154738186,11.668625749974256
Japan,Kyoto,Jan,0,161,13.5,1.0,35.049369561291286,135.7931458593812
Japan,Kyoto,Jul,6,359,12.7,23.5,34.99025594650263,135.717494781237
USA,Los Angeles,Nov,10,199,28.0,13.1,34.04158955150494,-118.29129592300112
Canada,Toronto,Nov,10,62,39.7,-1.3,43.782185466882716,-79.42338372839849
Japan,Tokyo,Apr,3,251,14.8,13.2,35.558512744795514,139.73279512521876
Germany,Hamburg,Mar,2,117,44.6,3.4,53.59741077011208,10.04196987422956
Canada,Montreal,Nov,10,66,48.6,0.8,45.48305834239541,-73.48095180743833
USA,Chicago,Oct,9,213,11.9,12.3,41.909375400841554,-87.58553842585056
USA,Los Angeles,Nov,10,189,19.7,13.1,34.17278383377892,-118.16788029723733
Japan,Kyoto,Feb,1,192,9.9,0.9,35.00829601006764,135.7075491900119
Canada,Vancouver,Jun,5,202,58.1,15.1,49.25206056547578,-123.1400850779968
Germany,Berlin,Apr,3,123,35.7,8.9,52.46639304940072,13.258932475825269
USA,Chicago,Sep,8,323,35.4,17.1,41.92928547730535,-87.61733457021792
Japan,Tokyo,Aug,7,364,11.2,23.4,35.702024642517294,139.70902241047486
USA,Los Angeles,Jun,5,368,53.3,27.4,33.94799435302507,-118.15746516751194
Canada,Montreal,Jul,6,259,58.3,19.0,45.508526766554134,-73.5855660775656
USA,New York,Sep,8,316,16.2,17.8,40.67120888958848,-74.00935891450247
USA,Los Angeles,Jun,5,361,11.0,27.4,34.09061036083158,-118.23293017472719
USA,Chicago,Apr,3,217,20.7,11.8,41.812137640270066,-87.63994903186979
Canada,Vancouver,Aug,7,251,43.7,19.3,49.214707192951,-123.08338732169864
Germany,Hamburg,Aug,7,269,35.4,21.1,53.50934285491849,10.098176936084739
USA,New York,Sep,8,346,18.3,17.8,40.63247114496307,-73.91852080478974
Japan,Osaka,Oct,9,242,10.6,16.0,34.79193625664582,135.50406317759857
Germany,Berlin,Dec,11,126,24.2,0.4,52.54556012997625,13.473682927258148
USA,Chicago,Feb,1,132,21.9,-2.3,41.92916916477147,-87.5253778613565
Canada,Montreal,Aug,7,221,22.8,17.6,45.604510356497016,-73.62246041828608
Japan,Kyoto,Aug,7,351,10.0,26.1,35.14026799016249,135.77106092170072
Japan,Osaka,Sep,8,371,11.7,25.1,34.74227854754772,135.53456879747924
USA,New York,Oct,9,239,25.1,12.4,40.70125668130776,-73.93333696683395
Japan,Tokyo,Mar,2,239,10.9,8.8,35.680217051166814,139.6363832512997
Germany,Hamburg,Sep,8,155,26.1,11.7,53.574208633304096,10.094915481164342
Germany,Munich,Jul,6,302,33.2,20.8,48.12961950980371,11.577581852039733
Japan,Osaka,Apr,3,233,10.6,16.0,34.751605543675005,135.54188313469814
Japan,Tokyo,Dec,11,179,12.8,4.9,35.65641067676158,139.73432166673982
Germany,Munich,Oct,9,151,39.4,7.0,48.132355299969184,11.596277703742883
USA,New York,Jan,0,190,16.6,-0.8,40.65850874355574,-73.97203133585218
Germany,Hamburg,Nov,10,88,46.0,5.1,53.55631779687616,9.948760797583844
Germany,Munich,Jan,0,128,27.5,-4.4,48.17310279818448,11.586121987646726
Japan,Osaka,Feb,1,180,15.4,5.6,34.70365298477867,135.47228915614204
USA,Los Angeles,Dec,11,176,24.4,10.4,34.04751819056304,-118.1774101676229
Japan,Tokyo,Aug,7,334,12.4,23.4,35.74742977895037,139.6506658840824
Canada,Toronto,Aug,7,234,54.3,17.9,43.70228827434958,-79.39944156917544
Japan,Kyoto,Dec,11,185,17.9,4.3,35.09487372222313,135.81881850325092
Canada,Vancouver,Oct,9,49,39.8,5.4,49.28042069918222,-123.10853302753387
USA,Los Angeles,Oct,9,242,23.1,17.1,33.96116983497257,-118.23019713208043
Japan,Tokyo,Feb,1,193,12.7,4.3,35.72642332899977,139.7002684140595
USA,Los Angeles,Jan,0,119,24.9,5.7,34.03795622533151,-118.25650898762477
Canada,Montreal,Oct,9,81,57.3,5.0,45.51373765897443,-73.43721584429099
Germany,Hamburg,Dec,11,128,38.3,-3.4,53.61288910959111,9.940147316017548
Japan,Osaka,Mar,2,216,13.8,10.5,34.69956636916544,135.5661832447894
Germany,Berlin,Oct,9,162,34.1,9.7,52.4113665226993,13.44737108385752
Germany,Munich,Aug,7,329,39.5,21.7,48.04504711329236,11.5548663100133
Japan,Osaka,Jun,5,344,13.8,26.0,34.76625718038975,135.55026354130425
Japan,Kyoto,Aug,7,304,17.0,26.1,35.07390425962488,135.6644304883796
Japan,Kyoto,Sep,8,319,16.4,19.5,35.07517775474971,135.80418360320218
Canada,Montreal,Aug,7,235,38.1,17.6,45.568109707092454,-73.53948849952997
Japan,Tokyo,Sep,8,310,9.3,20.6,35.64870948575173,139.68784491452928
Germany,Berlin,Oct,9,152,41.5,9.7,52.54049093284643,13.392937117269073
USA,Los Angeles,May,4,300,34.8,22.9,34.06190538154767,-118.27026071473038
Canada,Toronto,Jan,0,76,52.3,-4.4,43.66309553917313,-79.41577090018072
Canada,Vancouver,Jan,0,99,49.8,-4.3,49.20418876400547,-123.15705685879124
Germany,Hamburg,Jun,5,277,34.5,20.6,53.58474306179834,10.02329070668707
USA,New York,Nov,10,174,19.4,4.0,40.75577939434899,-74.02535653248948
Canada,Vancouver,Jun,5,168,37.7,15.1,49.21373403859927,-123.1572465019971
Canada,Toronto,Feb,1,84,28.4,-5.9,43.67316115613026,-79.35084020301487
Canada,Montreal,Jan,0,99,51.6,-6.2,45.53215690604536,-73.62191563823363
Japan,Tokyo,Sep,8,332,11.4,20.6,35.7308591624518,139.6923500945939
Germany,Hamburg,Jul,6,283,33.0,21.3,53.6255931719301,9.913654801076175
Germany,Berlin,Jan,0,102,34.9,-4.1,52.51391262458084,13.480672487162106
USA,New York,Mar,2,223,21.6,5.5,40.74623708277963,-74.06058504380697
Germany,Hamburg,Jul,6,311,34.2,21.3,53.56263504528593,9.930691761741372
Germany,Berlin,Nov,10,133,35.0,4.1,52.50484101085829,13.444997095097103
USA,New York,Mar,2,167,24.4,5.5,40.75174682517561,-73.9831113566924
Canada,Toronto,Jun,5,235,41.1,17.1,43.77337077926191,-79.38608093985168
USA,Chicago,Mar,2,137,34.0,2.6,41.9279429386733,-87.6157681797755
USA,Chicago,May,4,258,20.4,15.1,41.76782169714505,-87.58494669015565
Germany,Hamburg,Sep,8,174,26.9,11.7,53.53776738353828,9.972237778985068
USA,Los Angeles,Feb,1,156,20.9,6.2,34.04742678764555,-118.33251231667333
Japan,Kyoto,Oct,9,245,13.4,14.9,35.027906651112104,135.70554432118075
Japan,Osaka,May,4,292,13.9,20.8,34.76746781084748,135.54518298116008
Germany,Hamburg,Aug,7,270,37.3,21.1,53.600466725829456,9.989902448817874
Germany,Hamburg,Feb,1,119,25.4,-2.2,53.516364343445545,9.973235878094345
Germany,Munich,Jun,5,238,39.9,17.8,48.11140803264646,11.581277386456087
USA,Chicago,Apr,3,179,24.4,11.8,41.93997190673421,-87.65266508275434
USA,Chicago,Jun,5,370,27.1,19.1,41.85594779894358,-87.65377464836996
Canada,Montreal,Jan,0,82,43.7,-6.2,45.486244176789874,-73.56062295476089
Canada,Vancouver,Jan,0,82,65.5,-4.3,49.27789700501376,-123.06323633368572
Germany,Berlin,Feb,1,120,37.0,-1.6,52.55830401391924,13.466346661194216
USA,New York,Mar,2,198,26.1,5.5,40.681937340672654,-74.0339150876973
Germany,Berlin,Oct,9,129,34.6,9.7,52.536599016528456,13.414524983988953
USA,New York,Feb,1,182,23.3,3.7,40.8125833744892,-73.85050407219973
USA,Los Angeles,Nov,10,184,14.3,13.1,34.009180749461024,-118.26438027667109
USA,New York,Jun,5,417,21.0,23.1,40.664612053689474,-74.05385754574475
USA,Chicago,Oct,9,189,33.9,12.3,41.90309320618702,-87.6997653087401
USA,New York,May,4,376,19.4,19.0,40.68538563517547,-73.99799908870736
Canada,Toronto,Dec,11,82,38.7,-1.9,43.62411595430257,-79.43393783653464
Germany,Munich,Mar,2,112,23.1,2.4,48.09914233403788,11.571443488058616
USA,Los Angeles,Aug,7,379,30.9,30.3,34.04246513519416,-118.24690940885543
Japan,Osaka,Oct,9,252,15.9,16.0,34.64441369768322,135.52750232577588
Canada,Toronto,Apr,3,84,38.7,6.7,43.64961993702929,-79.3850611118255
Canada,Toronto,Aug,7,250,38.0,17.9,43.61550177055666,-79.39723375384334
Germany,Munich,Jan,0,141,38.2,-4.4,48.219852552021536,11.550867531913278
Germany,Berlin,Jun,5,255,40.7,18.3,52.52566352052689,13.333086101084131
Canada,Vancouver,Apr,3,59,39.1,8.6,49.28096575563066,-123.10898926337318
Germany,Munich,Nov,10,138,31.1,2.0,48.066119091760555,11.550664138770502
USA,Chicago,Nov,10,149,23.1,5.8,41.89521689172449,-87.55209197896427
USA,New York,Dec,11,201,26.7,2.1,40.69623458084084,-74.03661183672538
Canada,Montreal,May,4,98,18.8,12.4,45.54841599556196,-73.63564393492078
Canada,Montreal,Oct,9,100,47.8,5.0,45.49477720080081,-73.62851491181448
USA,Chicago,Jan,0,178,17.3,-1.7,41.88084670555,-87.66527899273746
Canada,Vancouver,Jun,5,171,58.4,15.1,49.25681943504819,-123.10951060241806
USA,New York,Aug,7,431,21.3,22.8,40.73233479604641,-74.07232360641555
Germany,Berlin,Aug,7,332,32.4,21.1,52.41390725504957,13.374608900645278
Canada,Montreal,Feb,1,89,50.5,-5.6,45.462400526974605,-73.63386164767789
Germany,Hamburg,May,4,178,20.0,15.6,53.54154861186999,10.114330771080645
Germany,Berlin,Oct,9,154,32.2,9.7,52.54565528990881,13.392022666120804
USA,Los Angeles,May,4,314,18.6,22.9,34.08626797552215,-118.22326963461492
USA,Chicago,Aug,7,336,13.9,18.5,41.88286720997207,-87.64297241080412
USA,Los Angeles,Mar,2,178,27.4,14.7,34.137405275812775,-118.18135541422326
USA,Chicago,Dec,11,172,20.1,2.0,41.92286777153814,-87.66137888645827
Germany,Berlin,Jul,6,345,34.0,24.1,52.5858798767804,13.354672871736017
Japan,Kyoto,Feb,1,200,13.1,0.9,35.053384605603256,135.71161465726712
Japan,Osaka,Jun,5,348,12.6,26.0,34.698583804927445,135.46364951080722
Japan,Osaka,Oct,9,261,11.0,16.0,34.668006654133166,135.44933932390555
Germany,Hamburg,Oct,9,110,37.7,9.7,53.52926401319797,9.990393369268709
USA,Los Angeles,Dec,11,124,8.4,10.4,34.02964205707955,-118.21611296000445
USA,Chicago,Oct,9,184,33.6,12.3,41.97622935952654,-87.62961521640761
Canada,Montreal,Jan,0,46,41.3,-6.2,45.45650461792676,-73.6040764971295
Japan,Tokyo,Apr,3,268,14.2,13.2,35.685899493920985,139.7418766448946
Japan,Kyoto,May,4,284,16.6,21.2,35.07938189294025,135.7887717451612
Canada,Montreal,Nov,10,87,40.8,0.8,45.52267662219535,-73.61167460889011
Canada,Toronto,Jul,6,244,37.2,17.6,43.65397895237907,-79.43801375434477
USA,Chicago,Feb,1,142,28.4,-2.3,41.74631261304916,-87.62963122467015
USA,Los Angeles,Feb,1,149,22.1,6.2,34.080856390662056,-118.33299332459671
Japan,Kyoto,Feb,1,190,19.2,0.9,34.888017774993635,135.72825523722648
Japan,Kyoto,Apr,3,212,17.0,12.5,34.93767068771101,135.82528770216035
Germany,Berlin,Mar,2,134,34.9,2.7,52.48263941604261,13.283787986986352
USA,New York,May,4,324,13.0,19.0,40.7684344187495,-74.03746316968464
Canada,Montreal,May,4,123,31.0,12.4,45.411600978121,-73.54022686358977
USA,New York,Apr,3,238,19.6,11.9,40.76579681920233,-73.97514970252116
Canada,Vancouver,Jan,0,83,38.1,-4.3,49.31771549397045,-123.1494818913119
USA,Chicago,Mar,2,165,19.6,2.6,41.85769495804199,-87.67959076973952
Canada,Montreal,Aug,7,252,49.9,17.6,45.48345236352286,-73.60926048336695
USA,Los Angeles,Dec,11,178,24.5,10.4,34.0316286696442,-118.18600496328722
Canada,Vancouver,Feb,1,88,46.6,-3.8,49.29627894185977,-123.18453742879102
Canada,Montreal,Sep,8,84,44.7,10.7,45.542486860626965,-73.52427632558202
USA,New York,Sep,8,316,24.2,17.8,40.7871623077668,-74.03500266206851
Japan,Kyoto,Sep,8,261,12.6,19.5,35.036068728061394,135.7069936095554
USA,Los Angeles,Aug,7,375,32.4,30.3,34.09600233962649,-118.17006646621246
USA,Los Angeles,Jan,0,145,27.6,5.7,34.0761720759043,-118.19997414629337
Japan,Kyoto,Jun,5,411,13.1,26.6,35.017069739730246,135.80438833119493
Japan,Osaka,Feb,1,231,10.6,5.6,34.800351668732816,135.40469561002388
Japan,Kyoto,Mar,2,173,18.7,8.9,34.99119623134892,135.6661937732411
Japan,Osaka,Jul,6,382,7.9,31.3,34.76139361870827,135.49657300773737
USA,Chicago,May,4,261,27.6,15.1,41.91151702443591,-87.66650868993892
Japan,Kyoto,Apr,3,214,14.0,12.5,35.05307027905918,135.65754323454962
USA,Los Angeles,Aug,7,425,32.1,30.3,34.09565772962485,-118.26647697630119
Japan,Osaka,Apr,3,255,14.9,16.0,34.652788965838326,135.60691936378427
Canada,Toronto,Oct,9,84,48.8,6.8,43.619525468787806,-79.36925029188882
Canada,Toronto,Dec,11,123,42.6,-1.9,43.61794940721208,-79.38598845388289
Germany,Munich,Dec,11,116,37.1,-0.8,48.095479003950004,11.566601923518048
Canada,Montreal,May,4,135,28.1,12.4,45.51086799598896,-73.56806549245866
Germany,Munich,May,4,236,43.9,15.5,48.101568989546166,11.651623265003217
Canada,Toronto,Aug,7,268,55.3,17.9,43.722413640925524,-79.35500454399738
Germany,Hamburg,Sep,8,139,40.1,11.7,53.48643635210644,9.9458781811591
Japan,Osaka,Mar,2,226,15.8,10.5,34.73437548180003,135.5675739403577
Japan,Kyoto,Feb,1,147,15.5,0.9,35.024586125086074,135.72288416874477
Canada,Montreal,Sep,8,122,45.9,10.7,45.53844388930249,-73.53415593656663
Germany,Berlin,Sep,8,197,35.2,15.6,52.61694644995292,13.354983433769721
USA,Los Angeles,Oct,9,246,28.4,17.1,34.065401004066686,-118.18008232499467
Canada,Montreal,Aug,7,243,42.7,17.6,45.578123421320626,-73.54190821218552
USA,Los Angeles,Apr,3,219,28.9,17.6,34.113097957615274,-118.26935981822568
USA,Chicago,Aug,7,343,21.4,18.5,41.861627610682646,-87.5932064647856
USA,Chicago,Jul,6,369,25.7,21.4,41.809743109676994,-87.58739128936666
Japan,Tokyo,Feb,1,236,9.4,4.3,35.69994317975024,139.593716493806
Japan,Kyoto,Jun,5,372,13.8,26.6,34.972076277227735,135.7916734178568
Germany,Munich,May,4,226,32.5,15.5,48.22386554463048,11.522318158412176
Canada,Montreal,Jul,6,287,48.8,19.0,45.463860245571524,-73.6383905333371
USA,New York,Apr,3,238,23.6,11.9,40.73740094239964,-74.03230174213338
USA,New York,Aug,7,442,17.8,22.8,40.74103029629468,-74.05698321693461
Japan,Osaka,Feb,1,195,12.8,5.6,34.66423176215279,135.54478010485104
Japan,Tokyo,Aug,7,391,11.2,23.4,35.62993482513987,139.7245276804317
Germany,Berlin,Sep,8,218,37.7,15.6,52.496254817168875,13.448564864872862
Germany,Hamburg,Apr,3,132,29.0,8.3,53.60305558937101,9.989911785673227
Canada,Vancouver,Nov,10,116,44.3,-0.0,49.21116124489409,-123.11429477925446
Canada,Montreal,Jun,5,177,57.4,15.2,45.53559629356696,-73.59169557040728
Germany,Berlin,Dec,11,172,39.1,0.4,52.523771681945085,13.324901709405141
Germany,Berlin,Feb,1,116,18.0,-1.6,52.51862425474747,13.493612579833487
Germany,Hamburg,Oct,9,161,34.1,9.7,53.533182992398935,9.961322909718243
Germany,Hamburg,Dec,11,116,41.6,-3.4,53.54472254398112,10.069257746512369
Japan,Tokyo,May,4,328,11.1,19.8,35.737932249526644,139.65659734530612
Canada,Montreal,Dec,11,63,43.8,-1.6,45.578805497628395,-73.46699535559205
Canada,Vancouver,Sep,8,135,40.0,14.8,49.30156059375322,-123.04242379853828
Germany,Berlin,Mar,2,150,25.5,2.7,52.49354736613269,13.44471323398109
Canada,Montreal,Apr,3,70,55.5,5.7,45.509133372860106,-73.5841542985559
Germany,Munich,Feb,1,92,39.2,-4.6,48.12709336022167,11.615567003822523
Japan,Tokyo,Jul,6,350,11.2,25.5,35.754857137714126,139.61132583827194
Germany,Munich,Nov,10,122,45.9,2.0,48.182476323106144,11.54335611660882
Japan,Tokyo,Sep,8,340,11.7,20.6,35.68585855436716,139.64936031409658
USA,New York,Nov,10,176,19.7,4.0,40.784981600173445,-74.06882534471396
USA,Chicago,Jul,6,405,16.0,21.4,41.92261237504183,-87.62120803301033
Canada,Vancouver,Sep,8,180,46.0,14.8,49.25449606846316,-123.18471521993355
USA,Los Angeles,Apr,3,247,16.4,17.6,34.12604672130591,-118.3020889775634
USA,New York,Nov,10,189,22.1,4.0,40.61681634219012,-74.00669188730471
Canada,Toronto,Sep,8,96,28.8,9.5,43.67522373689802,-79.38418188994633
Canada,Montreal,Mar,2,59,47.0,-1.3,45.456776600910445,-73.56589094213155
Japan,Tokyo,Jun,5,341,10.7,26.0,35.692511510497056,139.81486210562426
Japan,Kyoto,Sep,8,293,12.8,19.5,35.069566490168214,135.71404683362002
Japan,Osaka,Jan,0,175,18.3,7.2,34.62219293110197,135.48029777566515
Japan,Tokyo,May,4,307,13.0,19.8,35.70593755548299,139.66521198981164
Germany,Munich,Sep,8,180,56.0,13.3,48.05995148358024,11.594686983074729
Germany,Munich,Apr,3,129,38.1,10.1,48.17051072116283,11.593660806563175
USA,New York,Apr,3,181,27.6,11.9,40.68885812719958,-74.04913878820216
Canada,Vancouver,Oct,9,78,54.0,5.4,49.29983626731888,-123.09786233904231
Canada,Vancouver,Mar,2,50,47.4,1.0,49.32718153978117,-123.11658580053623
Canada,Toronto,Nov,10,87,46.8,-1.3,43.76372615007956,-79.41107458925039
USA,Los Angeles,May,4,329,21.7,22.9,34.075119335177575,-118.3480513509301
Japan,Kyoto,Jan,0,160,15.5,1.0,35.04916935616859,135.68462973594393
Japan,Kyoto,Dec,11,160,18.4,4.3,34.96413005555841,135.89971910324186
Japan,Osaka,Mar,2,190,16.3,10.5,34.70906497604383,135.54294310594193
Germany,Berlin,Aug,7,330,42.2,21.1,52.5699155449074,13.383418984364097
USA,New York,Mar,2,182,25.6,5.5,40.75525510553716,-74.0206983473832
USA,New York,Dec,11,162,15.7,2.1,40.73689330308593,-73.9786367601311
Japan,Osaka,Jun,5,387,10.2,26.0,34.73731603183603,135.51146710028692
Germany,Hamburg,Aug,7,271,32.3,21.1,53.542080415911876,10.062342423733828
USA,Chicago,May,4,277,24.3,15.1,41.94862295726018,-87.60931186020203
Germany,Munich,Sep,8,181,25.1,13.3,48.1981960750357,11.53671338495687
Canada,Toronto,Mar,2,82,45.5,-0.9,43.510772868968495,-79.3257617149814
Japan,Osaka,Jan,0,198,5.9,7.2,34.64248061793329,135.48967159243034
Japan,Tokyo,Apr,3,259,10.3,13.2,35.70756978027542,139.76860182832328
USA,Los Angeles,Apr,3,279,38.1,17.6,34.163139011672406,-118.25165226052
Japan,Tokyo,Mar,2,241,12.5,8.8,35.601347992231865,139.70790419846975
Canada,Toronto,May,4,94,54.6,13.1,43.64622051859224,-79.32779085916313
Japan,Osaka,Mar,2,217,11.8,10.5,34.66569094799015,135.53966468025615
Canada,Toronto,Sep,8,108,32.9,9.5,43.64196834250015,-79.35569739504878
Germany,Munich,Nov,10,140,33.4,2.0,48.1566961272337,11.622020476261385
Canada,Montreal,Jul,6,276,27.9,19.0,45.45311929807447,-73.50727930460278
USA,Chicago,Jul,6,359,23.1,21.4,41.92321385868934,-87.67518780900735
Canada,Toronto,Dec,11,94,29.1,-1.9,43.669744011610724,-79.34152355191955
Canada,Montreal,Jan,0,68,53.0,-6.2,45.50878584568199,-73.45133352300091
Canada,Vancouver,Dec,11,107,52.1,-2.1,49.285681518496006,-123.15304683888527
Germany,Munich,Mar,2,140,26.8,2.4,48.17985191570381,11.557846947415829
USA,Los Angeles,Jul,6,392,20.5,29.6,34.09009609249618,-118.20942461306049
Germany,Berlin,Jan,0,161,46.1,-4.1,52.59716217641361,13.380557528910686
Canada,Toronto,May,4,112,46.2,13.1,43.670524423794895,-79.33329949450702
USA,Los Angeles,Mar,2,167,25.9,14.7,34.09445789855921,-118.24614485917371
Germany,Hamburg,Jan,0,123,46.8,-3.4,53.61304731764697,10.004182970763733
USA,Chicago,Jan,0,141,22.7,-1.7,41.863345504288105,-87.58100916403276
Canada,Toronto,Jan,0,79,49.3,-4.4,43.66307998023462,-79.27943695636874
Canada,Montreal,Jul,6,304,40.0,19.0,45.46402910648269,-73.54430139285304
Japan,Tokyo,Nov,10,187,11.4,9.9,35.74394752984837,139.69491400095478
Japan,Kyoto,Jan,0,170,13.3,1.0,34.96840046151601,135.77052608139724
Canada,Toronto,Apr,3,83,37.6,6.7,43.637118247439126,-79.27936260082195
USA,Los Angeles,Oct,9,224,19.9,17.1,34.11335415335476,-118.25664272001849
Germany,Hamburg,May,4,210,31.8,15.6,53.54296035469638,9.995745958769787
Canada,Vancouver,Jul,6,242,42.0,18.3,49.290035684321666,-123.06037455167458
Germany,Berlin,Sep,8,210,37.4,15.6,52.528979089096985,13.422531504963677
Germany,Hamburg,Sep,8,116,37.2,11.7,53.51800089111017,10.014994360309652
Germany,Munich,Aug,7,358,29.3,21.7,48.008585623862686,11.567699788905996
Japan,Osaka,Aug,7,333,15.9,28.2,34.71031570059898,135.46487567317217
Japan,Tokyo,Oct,9,248,9.4,12.7,35.70738936801742,139.7197392263184
Japan,Osaka,Dec,11,184,10.6,5.9,34.66137135578787,135.44822259981927
USA,Los Angeles,Apr,3,245,19.4,17.6,34.02275665866306,-118.28556312155249
Canada,Montreal,Jul,6,259,30.7,19.0,45.52853263762636,-73.50801479226685
USA,New York,Oct,9,217,21.9,12.4,40.74696644964055,-74.01646569097896
Germany,Berlin,Mar,2,114,37.0,2.7,52.45217090976883,13.428321499121676
Canada,Montreal,Mar,2,48,32.7,-1.3,45.486438764782264,-73.59777561010797
USA,Chicago,Aug,7,336,25.1,18.5,41.90156337949043,-87.70657860616036
Germany,Hamburg,Feb,1,93,31.4,-2.2,53.527288956322764,10.037419459035636
USA,New York,Oct,9,243,23.8,12.4,40.716597763395804,-73.96886587908202
Japan,Tokyo,May,4,309,10.4,19.8,35.64938613653892,139.6836357144167
Germany,Hamburg,Mar,2,113,39.8,3.4,53.61129422185844,9.98672768621595
Germany,Berlin,Feb,1,173,31.9,-1.6,52.489889396981916,13.42843871280375
Canada,Toronto,Feb,1,94,47.3,-5.9,43.73739638457289,-79.40614421314345
USA,Los Angeles,Feb,1,142,30.2,6.2,34.06139172581612,-118.10904831680098
Canada,Toronto,Sep,8,88,33.1,9.5,43.59802053413921,-79.37420529244233
Japan,Tokyo,Jun,5,408,7.3,26.0,35.71884285469002,139.8012227812905
Canada,Toronto,Apr,3,91,31.0,6.7,43.703013340972355,-79.40788782915807
Japan,Tokyo,Oct,9,250,12.5,12.7,35.64530712818995,139.69938625529727
Japan,Osaka,Feb,1,196,15.5,5.6,34.70774959338675,135.47116502400897
Japan,Kyoto,Nov,10,160,16.4,7.9,34.92647081978811,135.81955778186628
USA,Chicago,Nov,10,171,9.7,5.8,41.86326962704651,-87.61773390325416
Japan,Osaka,May,4,301,9.4,20.8,34.623326811281174,135.46637778893736
Canada,Vancouver,Nov,10,42,41.8,-0.0,49.16150603366855,-123.19989514117428
Canada,Toronto,Mar,2,97,43.4,-0.9,43.66623368829119,-79.41071525769227
Japan,Osaka,Nov,10,153,10.7,9.0,34.76204371337223,135.58454838567505
Germany,Hamburg,Oct,9,134,34.8,9.7,53.51863134808393,10.05976520161365
Canada,Vancouver,Sep,8,183,49.2,14.8,49.27774120681103,-123.02836815019762
Canada,Toronto,Jun,5,238,41.5,17.1,43.73388556345293,-79.3605232849243
USA,New York,Dec,11,200,20.6,2.1,40.70652728699986,-73.98960602379204
Japan,Osaka,Apr,3,267,12.6,16.0,34.709908317624425,135.49579284728162
Canada,Montreal,Apr,3,76,24.2,5.7,45.45473323030906,-73.57450437778608
Germany,Berlin,Jul,6,371,39.8,24.1,52.649478182100935,13.433981658660677
Germany,Hamburg,Jul,6,289,27.6,21.3,53.563425238921596,10.018611087424839
Japan,Kyoto,Jun,5,342,13.0,26.6,35.01438624561444,135.82280957592354
Canada,Vancouver,Mar,2,70,55.1,1.0,49.237969634889026,-123.13004358220807
Germany,Hamburg,Nov,10,133,36.5,5.1,53.58032064902362,10.092522029225774
Canada,Toronto,Nov,10,132,31.3,-1.3,43.66869103551135,-79.3515111559534
Germany,Munich,Jul,6,310,35.4,20.8,48.15748584629051,11.503456192396575
USA,Chicago,Dec,11,163,20.4,2.0,41.82156923325313,-87.59866443880499
Germany,Berlin,Dec,11,121,36.6,0.4,52.56875988148912,13.430054708496991
Germany,Munich,Jul,6,295,34.5,20.8,48.215032358525235,11.610045972397062
USA,Los Angeles,Feb,1,147,23.6,6.2,34.139142567592664,-118.2597621383059
Japan,Osaka,Aug,7,331,11.2,28.2,34.69396218498591,135.50464902968824
Germany,Berlin,Sep,8,223,28.7,15.6,52.536217964086084,13.34604801044201
Japan,Osaka,Oct,9,212,13.7,16.0,34.62847652497476,135.5357836274415
Germany,Munich,Jun,5,281,46.3,17.8,48.10699159867109,11.571538906312774
Germany,Berlin,Apr,3,107,42.3,8.9,52.4832704211601,13.36448737814928
USA,Chicago,May,4,263,26.7,15.1,41.95089111610734,-87.59457467300876
USA,Chicago,Aug,7,341,26.9,18.5,41.84326140907852,-87.60069867164577
Canada,Vancouver,Jul,6,222,48.3,18.3,49.338135179029145,-123.07967589094014
Canada,Vancouver,May,4,142,46.7,12.9,49.40546500699554,-123.15258699921256
Germany,Munich,Aug,7,301,31.9,21.7,48.12669280907076,11.558395471115144
USA,Chicago,Feb,1,128,14.0,-2.3,41.971648258768596,-87.61031929113146
Germany,Munich,Jan,0,129,35.0,-4.4,48.10047895100631,11.511684126816409
USA,Los Angeles,Sep,8,331,34.1,25.5,33.99688532437942,-118.28492570807639
USA,Chicago,Apr,3,195,25.0,11.8,41.920521544110265,-87.74214446669923
Canada,Toronto,Oct,9,75,35.5,6.8,43.58306973641001,-79.29572116284065
USA,Los Angeles,Dec,11,165,18.5,10.4,34.07650181447088,-118.32106519944692
Japan,Osaka,Jul,6,429,14.1,31.3,34.66485481721688,135.45737926643258
Japan,Tokyo,Jan,0,181,8.9,3.7,35.66138562353795,139.64105844398327
USA,Chicago,Apr,3,158,28.7,11.8,41.84633188055872,-87.68928333295452
Germany,Hamburg,Mar,2,144,36.3,3.4,53.56096578537028,9.962817405228282
USA,Chicago,Jul,6,399,15.6,21.4,41.833346507886176,-87.59993858908733
Canada,Montreal,Oct,9,108,45.2,5.0,45.44190584689824,-73.545069866589
Germany,Munich,Jul,6,296,41.2,20.8,48.1184090255122,11.640656231879333
Japan,Kyoto,Nov,10,194,15.4,7.9,35.00240083318237,135.76902169665328
Germany,Berlin,May,4,255,30.0,15.9,52.48004039966749,13.380862823890897
USA,Los Angeles,Jan,0,137,19.7,5.7,34.00009777938784,-118.26806014605975
USA,Chicago,Feb,1,166,30.5,-2.3,41.82740520238538,-87.62551564192984
USA,New York,Jul,6,441,15.9,23.9,40.72164104360697,-74.03333400422936
Germany,Munich,Jan,0,133,32.8,-4.4,48.069098874438964,11.551411545454737
Canada,Vancouver,Apr,3,71,56.7,8.6,49.361678607286535,-123.14684300135767
Canada,Vancouver,Oct,9,83,50.6,5.4,49.27821321528564,-123.04869413922752
Germany,Munich,Aug,7,277,41.8,21.7,48.08146284871301,11.593962343205558
Canada,Montreal,Mar,2,91,54.4,-1.3,45.529590515317594,-73.56678236900784
Japan,Kyoto,Jan,0,190,12.9,1.0,35.04012993342966,135.72993704217288
Japan,Osaka,Sep,8,300,10.0,25.1,34.591738391111996,135.48882965827775
Germany,Berlin,Mar,2,147,40.4,2.7,52.479841052465986,13.479634428447975
Germany,Hamburg,May,4,178,39.9,15.6,53.525439321676416,9.982270004233
USA,New York,Sep,8,335,22.0,17.8,40.701079609984184,-74.04518828327932
USA,New York,Apr,3,234,21.8,11.9,40.71315315793141,-74.03901605697368
Germany,Hamburg,Feb,1,109,37.0,-2.2,53.50997900338089,10.049751533366225
Canada,Vancouver,May,4,145,35.4,12.9,49.3018204873092,-123.11237738958934
Japan,Kyoto,Aug,7,342,13.7,26.1,34.99885113912896,135.84329964942913
Japan,Kyoto,Nov,10,202,15.1,7.9,35.01911508807309,135.7499193893893
Japan,Kyoto,Apr,3,170,14.0,12.5,35.01252091895948,135.85192186561378
Canada,Toronto,Oct,9,92,43.8,6.8,43.65564300351628,-79.38117041543981
Canada,Vancouver,Mar,2,71,56.7,1.0,49.29252773882558,-123.06910777302657
Canada,Vancouver,Dec,11,75,39.6,-2.1,49.232618999505256,-123.1347550146443
Canada,Toronto,Sep,8,70,40.9,9.5,43.58649872525409,-79.41326838219756
Germany,Munich,Feb,1,151,37.9,-4.6,48.23015953428765,11.57896695930927
USA,Los Angeles,Sep,8,366,19.2,25.5,34.139568159895774,-118.19709042178698
Canada,Vancouver,Feb,1,58,53.6,-3.8,49.280722242307164,-123.08662496513136
Canada,Vancouver,Feb,1,87,49.8,-3.8,49.31068952239655,-123.06666096372227
Germany,Munich,Sep,8,174,39.4,13.3,48.11794038622513,11.613078594492803
Germany,Berlin,Aug,7,323,36.5,21.1,52.50805339504152,13.386658779409265
Japan,Kyoto,Feb,1,166,15.3,0.9,34.9685793317358,135.74887222278852
Japan,Kyoto,May,4,286,14.2,21.2,34.987717127661746,135.79204899128732
Japan,Kyoto,Sep,8,298,13.1,19.5,34.992858959622524,135.80364799841018
Canada,Montreal,Nov,10,39,28.6,0.8,45.56482920517136,-73.59489290729462
Japan,Osaka,Jan,0,202,17.6,7.2,34.621906892441025,135.56045818760774
Japan,Tokyo,Oct,9,257,12.7,12.7,35.715252384315306,139.88433657453274
Germany,Berlin,Jan,0,151,33.5,-4.1,52.47202803816383,13.386389661196446
Canada,Montreal,Jun,5,185,56.3,15.2,45.43310494285343,-73.64797806989384
Japan,Kyoto,May,4,340,11.1,21.2,34.94936726483443,135.6791639875548
Germany,Berlin,May,4,269,33.8,15.9,52.483599852938546,13.395855177944757
Canada,Montreal,Apr,3,50,47.6,5.7,45.578237541617185,-73.50636190741514
Japan,Tokyo,Sep,8,308,9.0,20.6,35.713623620762164,139.6805268607337
Germany,Munich,Mar,2,132,49.3,2.4,48.179941965793276,11.56857346760471
Japan,Kyoto,Jan,0,163,16.0,1.0,35.00908809452754,135.7561525976567
USA,Los Angeles,Dec,11,129,18.4,10.4,34.0230200336827,-118.19178105744903
USA,Chicago,Mar,2,173,30.0,2.6,41.86636897150213,-87.62788810025201
USA,Los Angeles,Jul,6,362,22.7,29.6,34.115057460843126,-118.27046675435082
Canada,Montreal,Aug,7,251,59.7,17.6,45.469524088480995,-73.52090799359594
Germany,Berlin,Dec,11,137,40.7,0.4,52.60061391289943,13.470745722679201
Germany,Hamburg,Mar,2,123,41.1,3.4,53.544231410580025,10.013223242496444
USA,New York,Jul,6,470,13.6,23.9,40.66692485894929,-73.95511692665782
Japan,Tokyo,Apr,3,253,11.1,13.2,35.69408803882678,139.59232155426994
Germany,Berlin,Aug,7,298,27.9,21.1,52.60076878447347,13.388883976539432
USA,New York,Apr,3,193,20.2,11.9,40.75731915817599,-73.97723974919467
Germany,Berlin,May,4,223,32.4,15.9,52.44184045956517,13.449155488857357
Japan,Tokyo,Mar,2,212,10.7,8.8,35.72008381444205,139.7432499761248
Germany,Munich,Sep,8,192,45.0,13.3,48.13999915767354,11.597402526975205
Germany,Hamburg,Oct,9,149,37.8,9.7,53.53544709847384,9.993664570271168
Canada,Toronto,Feb,1,111,39.5,-5.9,43.644568635002955,-79.33901700312566
Germany,Berlin,Jun,5,255,41.5,18.3,52.523392775526375,13.44763868375611
Japan,Kyoto,Jun,5,375,12.9,26.6,35.02559843131599,135.71182554763507
Germany,Munich,Jun,5,221,31.4,17.8,48.18334258165488,11.662779141177412
USA,New York,Jul,6,411,15.2,23.9,40.66260213139593,-73.99563663353005
Germany,Berlin,Jun,5,257,31.4,18.3,52.47224387103253,13.426179953279673
Germany,Hamburg,Nov,10,135,24.0,5.1,53.595729866914965,9.933141403535961
Japan,Tokyo,Jan,0,226,10.1,3.7,35.61888481493324,139.76498243844608
Japan,Tokyo,Jun,5,417,10.4,26.0,35.70237751953614,139.68797770421168
Canada,Vancouver,Aug,7,260,60.5,19.3,49.26731108825235,-123.1097424836168
Germany,Berlin,Oct,9,153,46.3,9.7,52.513368312680875,13.356273534766467
USA,New York,Jun,5,388,15.4,23.1,40.6379735372455,-74.03850119672035
USA,Los Angeles,Oct,9,253,27.7,17.1,34.115385333882735,-118.2860157988733
Japan,Tokyo,Feb,1,221,9.1,4.3,35.662280863773745,139.69724612948548
Japan,Tokyo,Dec,11,255,12.5,4.9,35.62645580228325,139.73759309735274
USA,Los Angeles,Mar,2,187,38.6,14.7,34.03850034590853,-118.25586919896875
Canada,Toronto,Jan,0,98,40.2,-4.4,43.65920156633591,-79.35252410136349
Germany,Berlin,Nov,10,174,34.0,4.1,52.5115589138405,13.408502608155658
